CZ Name,State,"AM, 80-82 Cohort","RM, College Attendance","RM, Teenage birth","RM, College Quality","Average of Percent of adults with less than a high school diploma, 2011-2015","Average of Percent of adults with a high school diploma only, 2011-2015","Average of Percent of adults completing some college or associate's degree, 2011-2015","Average of Percent of adults with a bachelor's degree or higher, 2011-2015",Average of Top 1% Income Share
Johnson City,TN,38.4,0.875,-0.311,0.207,17.98,37.35,26.45,18.19,0.129798
Morristown,TN,37.8,0.775,-0.339,0.169,19.38,42.2,24.7,13.74,0.09447
Middlesborough,TN,39,0.68,-0.261,0.158,27.4,39.1,21.96666667,11.53333333,0.072346667
Knoxville,TN,37.8,0.857,-0.329,0.208,17.4625,37.9125,25.7625,18.8625,0.08845625
Winston-Salem,NC,37,0.737,-0.356,0.202,18.5,32.16,29.78,19.54,0.092694
Martinsville,VA,37.3,0.858,-0.389,0.245,21.6,33.26666667,31.2,13.93333333,0.094593333
Greensboro,NC,36.5,0.767,-0.33,0.207,18.875,32.075,30.7625,18.2875,0.1135925
North Wilkesboro,NC,38.3,0.805,-0.292,0.206,21.4,31.85,31.05,15.8,0.132885
Galax,VA,40.8,0.825,-0.251,0.229,22.2,35.75,28.725,13.375,0.08011
Spartanburg,SC,36.4,0.787,-0.37,0.199,18.275,32.925,28.475,20.375,0.12276
Gastonia,NC,35.4,0.761,-0.359,0.201,17.675,31.725,32.725,17.85,0.0951375
Charlotte,NC,35.8,0.757,-0.356,0.203,15.26666667,31.03333333,30.18888889,23.52222222,0.106487778
Boone,NC,40,0.767,-0.27,0.2,18.9,30.6,28.36666667,22.16666667,0.112063333
Morganton,NC,37.6,0.753,-0.286,0.197,19,33.35,31,16.7,0.0710375
Hickory,NC,35.6,0.793,-0.373,0.2,18.2,32.35,30.85,18.625,0.10141
Franklin,NC,41.2,0.738,-0.269,0.187,13.4,31.9,30.45,24.2,0.1785
Sylva,NC,40.6,0.644,-0.354,0.171,17.6,31.23333333,31.2,19.9,0.086773333
Asheville,NC,39,0.71,-0.281,0.191,13.22,27.82,30.98,27.96,0.11093
Andrews,NC,40.8,0.665,-0.298,0.153,13.175,32.7,33.175,21.025,0.25346
Bennettsville,SC,34.9,0.8,-0.393,0.17,24.85,40.3,24.7,10.15,0.120415
Florence,SC,35.9,0.77,-0.341,0.191,18.27142857,36.02857143,28.12857143,17.58571429,0.125994286
Fayetteville,NC,34.8,0.682,-0.338,0.18,18.07142857,30.47142857,32.74285714,18.72857143,0.100624286
Wilmington,NC,35.9,0.669,-0.36,0.184,15.44,29.1,33.46,22.02,0.095438
Wilson,NC,35,0.721,-0.313,0.199,19.76666667,34.2,30.06666667,15.93333333,0.10513
Raleigh,NC,36.9,0.729,-0.345,0.214,14.45,25.86,29.65,30.03,0.104586
Henderson,NC,33.5,0.743,-0.411,0.199,22.7,36.2,27.7,13.4,0.09816
Goldsboro,NC,37.6,0.688,-0.362,0.196,23.36666667,31,31.83333333,13.83333333,0.104063333
Jacksonville,NC,37.2,0.7,-0.361,0.197,15.1375,29.55,36.3375,18.975,0.09467125
Virginia Beach,VA,37.9,0.733,-0.352,0.209,13.62727273,29.23636364,34.55454545,22.6,0.086245455
Washington,NC,37.5,0.677,-0.336,0.184,18.88333333,34.25,32.01666667,14.85,0.067543333
South Boston,VA,38,0.798,-0.347,0.23,21.9875,35.675,26.7875,15.5625,0.0701725
Lynchburg,VA,39.2,0.798,-0.333,0.215,14.4,32.8,29.8,23.02,0.071503333
Richmond,VA,37.9,0.775,-0.338,0.216,15.23529412,32.98823529,28.27058824,23.48823529,0.078228235
Newport News,VA,38.1,0.758,-0.353,0.222,11.5,27.30769231,31.16153846,30.05384615,0.072076923
Roanoke Rapids,NC,35.6,0.66,-0.328,0.209,23.5,36.63333333,27.4,12.45,0.063323333
Gulfport,MS,39.3,0.716,-0.312,0.155,17.54285714,33.22857143,33.45714286,15.7,0.084607143
Laurel,MS,40.1,0.709,-0.38,0.157,20.9,35.8,28.75,14.6,0.14691
Hattiesburg,MS,39.4,0.723,-0.387,0.162,16.7,33.86,29.32,20.08,0.087152
Kosciusko,MS,37.3,0.756,-0.317,0.139,25.65,34.15,26.65,13.6,0.178515
Yazoo City,MS,34.8,0.855,-0.367,0.171,30.5,32,24.8,12.7,0.155555
Jackson,MS,36.4,0.7,-0.37,0.159,18.45714286,29.67142857,30.07142857,21.78571429,0.116327143
McComb,MS,39.6,0.691,-0.312,0.14,23.82,36.94,25.88,13.38,0.098278
Brookhaven,MS,40.5,0.587,-0.226,0.087,18.2,35.55,32.6,13.65,0.17655
Jena,LA,48.6,0.69,-0.217,0.166,23.5,42.9,21.55,12,0.058835
Natchez,MS,38.8,0.741,-0.342,0.162,20.3,40.025,25.3,14.4,0.1015675
Vicksburg,MS,35.3,0.767,-0.345,0.177,20.9,33.975,28.175,16.975,0.1199925
New Orleans,LA,38.2,0.718,-0.303,0.207,16.56666667,35.66666667,27.7,20.05555556,0.105767778
Houma,LA,44,0.63,-0.305,0.121,25.125,40.5,21.65,12.725,0.1158425
Baton Rouge,LA,39.3,0.684,-0.292,0.19,17.47,37.92,25.83,18.78,0.087806
Alexandria,LA,40.1,0.751,-0.34,0.212,21.86666667,40.2,25.8,12.16666667,0.10708
Lake Charles,LA,42.6,0.678,-0.29,0.172,16.95,39.65,27.3,16.06666667,0.090845
Lafayette,LA,43.2,0.69,-0.295,0.185,23.18571429,38.88571429,23.01428571,14.91428571,0.113281429
Monroe,LA,37.9,0.701,-0.292,0.167,21.01666667,40.9,24.1,13.98333333,0.143663333
Lake Providence,LA,40.5,0.708,-0.329,0.165,28.1,41.25,20.7,9.95,0.09949
Magnolia,AR,38.6,0.746,-0.417,0.166,18.7,40.75,24.6,15.9,0.061305
Shreveport,LA,38.1,0.742,-0.312,0.194,18.375,38.175,26.9875,16.5,0.0941025
Ruston,LA,40.4,0.65,-0.305,0.198,18.63333333,37.2,23.8,20.36666667,0.098606667
Many,LA,46.6,0.67,-0.231,0.167,17.6,42,26.3,14.1,0.0971
Crossett,AR,38.6,0.667,-0.268,0.155,15.1,41.4,30.3,13.2,0.0741
Pine Bluff,AR,36.6,0.694,-0.338,0.167,18.87142857,42.01428571,25.1,14.04285714,0.074451429
El Dorado,AR,37.6,0.708,-0.402,0.16,16.675,45.175,23.875,14.275,0.06892
Little Rock,AR,38,0.701,-0.361,0.17,12.72857143,36.11428571,29.94285714,21.2,0.079261429
Stuttgart,AR,39.8,0.641,-0.393,0.168,20.56666667,41.83333333,26.86666667,10.7,0.084753333
Searcy,AR,41.3,0.774,-0.35,0.159,22.06666667,42.46666667,22.53333333,12.9,0.11965
London,KY,39.1,0.766,-0.298,0.187,28.525,38.15,21.15,12.2,0.11088
Richmond,KY,38.9,0.706,-0.292,0.167,22.95,41.175,21.9,13.975,0.052945
West Liberty,KY,38.4,0.71,-0.184,0.142,30.32,37.22,20.54,11.88,0.07293
Hazard,KY,42.7,0.61,-0.176,0.164,29.22,34.56,24.56,11.68,0.085114
Campbellsville,KY,41.9,0.746,-0.33,0.187,23.32,39.38,24.2,13.1,0.088738
Somerset,KY,39.1,0.883,-0.341,0.208,25.72,40.5,23.78,10,0.104766
Greenwood,MS,35.6,0.745,-0.378,0.139,23.675,33.35,27.375,15.625,0.102295
Clarksdale,MS,34.2,0.848,-0.406,0.206,23.9,30.81666667,27.83333333,17.43333333,0.119316667
Greenville,MS,33.6,0.78,-0.376,0.123,28.06,29.78,25.84,16.3,0.090354
Jackson,TN,37.3,0.787,-0.336,0.168,18.58,38.92,26.46,16.04,0.08119
Dyersburg,TN,36.5,0.775,-0.323,0.183,22.4,42.85,22.25,12.5,0.0594075
Lexington,TN,41,0.75,-0.189,0.167,21.13333333,41.93333333,24.73333333,12.16666667,0.0661
Tupelo,MS,37.7,0.747,-0.334,0.147,22.78333333,33.21666667,29.93333333,14.08333333,0.087678333
Corinth,MS,39,0.756,-0.303,0.146,21.52,39.26,26.5,12.68,0.10429
New Albany,MS,39.3,0.697,-0.345,0.15,23.96666667,34.46666667,29.16666667,12.43333333,0.06144
Memphis,TN,33.7,0.758,-0.399,0.189,16.82857143,32.81428571,30.62857143,19.7,0.107585714
West Memphis,AR,35.2,0.653,-0.438,0.172,23.22,38.6,26.14,12.04,0.0805
Bowling Green,KY,40.4,0.771,-0.311,0.188,18.72,38.38,26.28,16.66,0.085048
Glasgow,KY,42.4,0.783,-0.256,0.193,23.78333333,41.55,21.35,13.28333333,0.083195
Columbia,TN,39.4,0.701,-0.292,0.146,18.02,41.48,26.48,14.02,0.080254
Nashville,TN,38.2,0.771,-0.348,0.179,14.81818182,35.17272727,26.27272727,23.72727273,0.104997273
Tullahoma,TN,39.2,0.812,-0.302,0.184,16.65,39.4,26.675,17.275,0.0815625
Dickson,TN,39.7,0.767,-0.279,0.173,18.38,43.82,24.14,13.68,0.112726
Clarksville,TN,39.2,0.717,-0.307,0.172,16.1,37.3,30.86666667,15.71666667,0.093595
Huntsville,AL,38.5,0.767,-0.342,0.189,16.42,33.38,27.86,22.34,0.086692
Gadsden,AL,41.2,0.863,-0.319,0.192,22.675,34.7,28.525,14.05,0.10543
Florence,AL,41.5,0.818,-0.324,0.195,20.3,38.38,26.7,14.6,0.109512
McMinnville,TN,39.3,0.777,-0.281,0.181,20.8,45.275,20.95,13,0.0830775
Cookeville,TN,41.2,0.774,-0.268,0.202,21.35,41.9,22.7,14.05,0.069265
Chattanooga,TN,37.9,0.796,-0.35,0.2,19.55714286,35.87142857,28.4,16.17142857,0.090654286
Crossville,TN,40.6,0.786,-0.32,0.18,22.825,40.85,23.175,13.175,0.106285
Ellijay,GA,40.7,0.632,-0.201,0.154,20.5,37.15,25.95,16.45,0.075485
Cleveland,TN,39.2,0.796,-0.227,0.175,20.18,40.6,26.2,13,0.08463
Rome,GA,37.4,0.782,-0.317,0.181,24.9125,35.2,26.125,13.7625,0.11783125
Tampa,FL,39.1,0.724,-0.32,0.201,11.85,32,32.025,24.125,0.136645
Lakeland,FL,39.4,0.752,-0.359,0.191,21.53333333,37.86666667,25.2,15.43333333,0.11056
Sarasota,FL,39.2,0.685,-0.282,0.183,14.9,34.175,28.25,22.65,0.1435525
Miami,FL,41.5,0.551,-0.234,0.164,13.6,28,28.73333333,29.66666667,0.18926
Port St. Lucie,FL,39,0.646,-0.289,0.186,21.13333333,33.11666667,26.78333333,18.98333333,0.126573333
Cape Coral,FL,39.5,0.694,-0.325,0.183,13.5,29.15,27.75,29.6,0.173305
Palm Bay,FL,39.4,0.649,-0.28,0.185,10.5,29.55,32.9,27.05,0.1858
Orlando,FL,39.1,0.698,-0.305,0.191,11.46,29.72,32.06,26.78,0.120248
Deltona,FL,39.2,0.633,-0.287,0.166,13.96666667,35.76666667,31.46666667,18.8,0.106066667
Jacksonville,FL,37.5,0.747,-0.342,0.197,12.87142857,33.28571429,31.12857143,22.68571429,0.113011429
Lake City,FL,38.7,0.678,-0.288,0.16,21.33333333,38.2,29,11.41666667,0.066048333
Ocala,FL,39,0.701,-0.308,0.181,13.7,37.4,31.55,17.35,0.112285
Gainesville,FL,38.6,0.82,-0.342,0.219,18.93333333,36.1,29.9,15.08333333,0.067541667
Sumter,SC,36.4,0.769,-0.339,0.204,19.55,35.05,29.3,16.125,0.078865
Columbia,SC,35.9,0.791,-0.353,0.208,17.01428571,33.77142857,28.25714286,20.94285714,0.10033
Barnwell,SC,35,0.82,-0.311,0.201,22.95,35.975,27.775,13.325,0.099025
Charleston,SC,37.7,0.721,-0.333,0.19,12.575,29.95,32.075,25.425,0.1063125
Greenville,SC,37.1,0.806,-0.344,0.197,18.3375,31.8,29.2875,20.5875,0.08843125
Aiken,GA,36.2,0.759,-0.351,0.199,20.06666667,36.53333333,26.33333333,17.08888889,0.080813333
Washington,GA,34.7,0.841,-0.372,0.203,22.025,41.275,21.05,15.6,0.08736
Fitzgerald,GA,36.8,0.755,-0.439,0.17,17.6,42.95,28.65,10.75,0.072445
Cordele,GA,35.3,0.823,-0.398,0.195,23.06666667,43.03333333,23.16666667,10.76666667,0.089706667
Valdosta,GA,36.1,0.803,-0.374,0.186,23.03333333,35.18888889,28.11111111,13.68888889,0.072626667
Waycross,GA,37.6,0.777,-0.384,0.185,23.53333333,39.05,24.96666667,12.48333333,0.08245
Brunswick,GA,36.2,0.673,-0.39,0.168,17.43333333,36.53333333,29.76666667,16.26666667,0.074316667
Hinesville,GA,37,0.648,-0.334,0.16,18.96,37.28,29.14,14.64,0.064556
Statesboro,GA,36.2,0.736,-0.363,0.205,22.14,36.42,25.32,16.14,0.09639
Savannah,GA,36.1,0.704,-0.346,0.189,12.9,30.32,29.9,26.88,0.11994
Macon,GA,35.5,0.716,-0.316,0.176,18.65,36.46,27.74,17.14,0.075952
Vidalia,GA,38.3,0.757,-0.353,0.19,22.1,44.0375,21.6875,12.1875,0.08917125
Milledgeville,GA,33.1,0.741,-0.341,0.19,19.75,42.45,24.525,13.225,0.07852
Dublin,GA,34.9,0.787,-0.327,0.215,21.73333333,41.46666667,24.46666667,12.3,0.10801
Atlanta,GA,36,0.703,-0.332,0.194,12.87777778,28.35555556,28.84444444,29.92777778,0.119104444
Griffin,GA,36.2,0.713,-0.345,0.169,19.36,38.56,27.86,14.24,0.10565
Winder,GA,35.5,0.826,-0.324,0.226,15.56,30.82,26.74,26.88,0.090664
Toccoa,GA,38.1,0.778,-0.312,0.176,22.025,40.05,24.7,13.25,0.0876575
Gainesville,GA,39.5,0.804,-0.371,0.182,18.78333333,33.61666667,27.7,19.9,0.088453333
Talladega,AL,37.9,0.688,-0.334,0.167,22.925,36.15,28.8,12.125,0.07228
LaGrange,GA,37.6,0.752,-0.337,0.175,20.2,36.46666667,27.27777778,16.08888889,0.09454
Columbus,GA,35.2,0.731,-0.321,0.174,16.38333333,32.63333333,31.56666667,19.41666667,0.073501667
Americus,GA,34.5,0.743,-0.315,0.162,27.05,37.16666667,23.76666667,12.03333333,0.036583333
Auburn,AL,35.8,0.815,-0.327,0.181,21.7,29.9,26,22.4,0.104833333
Tallahassee,FL,37.9,0.811,-0.356,0.207,19.23333333,35.57777778,28.06666667,17.15555556,0.076307778
Panama City,FL,39.2,0.852,-0.306,0.205,17.03333333,33.56666667,31.46666667,17.9,0.108203333
Bainbridge,GA,37.5,0.614,-0.462,0.165,19.33333333,38.5,27.56666667,14.56666667,0.115133333
Thomasville,GA,36.3,0.735,-0.362,0.188,21.65,34.75,27.4,16.25,0.11013
Albany,GA,34.5,0.733,-0.326,0.173,22.21666667,35.41666667,28.61666667,13.78333333,0.074318333
Eufaula,GA,35.2,0.776,-0.361,0.169,24.85,38.66666667,25.35,11.13333333,0.076786667
Dothan,AL,39,0.834,-0.324,0.173,17.5,33.48,31.1,17.94,0.113322
Meridian,MS,37.3,0.732,-0.32,0.157,19.5,31.84,33.98,14.68,0.076816
Columbus,MS,36,0.722,-0.346,0.16,24.33333333,33.9,27.23333333,14.53333333,0.093753333
Starkville,MS,36.8,0.778,-0.333,0.188,19.2,30.32,28.94,21.6,0.085486
Jasper,AL,41.9,0.885,-0.34,0.181,22.84,36.12,29.16,11.86,0.092418
Birmingham,AL,37.6,0.831,-0.325,0.206,16.38333333,31.78333333,30.38333333,21.46666667,0.103005
Tuscaloosa,AL,36.9,0.833,-0.361,0.21,19.78,37.74,26.38,16.04,0.129888
Demopolis,AL,37.4,0.73,-0.271,0.181,21.2,39.55,25.675,13.575,0.098765
Pensacola,FL,39.7,0.781,-0.309,0.2,10.9,27.8,34.85,26.45,0.1308175
Mobile,AL,38,0.807,-0.334,0.187,17.36,38.58,26.8,17.26,0.091876
Atmore,AL,39.2,0.745,-0.256,0.172,20.4,43.76666667,24.83333333,10.96666667,0.118983333
Montgomery,AL,35.8,0.862,-0.337,0.221,17.78,33.58,27.74,20.86,0.096618
Troy,AL,42.2,0.823,-0.33,0.189,20.83333333,35.16666667,26.7,17.33333333,0.131416667
Bluefield,VA,44,0.794,-0.194,0.216,20.91666667,36.78333333,28.18333333,14.11666667,0.095561667
Welch,WV,44.6,0.624,-0.237,0.128,30.2,44.95,18.4,6.5,0.05633
Big Stone Gap,VA,43.6,0.921,-0.282,0.258,23.6,30.25,31.975,14.15,0.0668625
Fredericksburg,VA,41.9,0.752,-0.274,0.199,10.26,29.86,28.9,30.98,0.084436
Baltimore,MD,38.8,0.714,-0.347,0.207,9.183333333,25.81666667,26.46666667,38.51666667,0.13444
Colonial Beach,VA,39.6,0.787,-0.329,0.207,15.88,35.78,28.42,19.9,0.069904
Washington DC,DC,43.2,0.623,-0.266,0.186,9.889473684,21.67894737,24.17894737,44.26842105,0.120408947
Marquette,MI,45.1,0.683,-0.18,0.181,9.3,39.6,31.225,19.825,0.0690575
Marinette,MI,46.3,0.717,-0.227,0.199,8.66,41.78,31.92,17.66,0.048188
Sault Ste. Marie,MI,42.1,0.712,-0.165,0.199,11.43333333,39.76666667,32.2,16.6,0.058536667
Jackson,MI,40.2,0.697,-0.296,0.174,11.2,37.23333333,33.26666667,18.23333333,0.084193333
Detroit,MI,37.3,0.608,-0.288,0.18,9.5,30.92,33.75,25.81,0.105346
Lansing,MI,39.5,0.65,-0.278,0.196,7.1,26.4,35.9,30.53333333,0.091763333
Mount Pleasant,MI,41.8,0.737,-0.228,0.201,11.93333333,37.4,33,17.66666667,0.08679
Saginaw,MI,40.9,0.702,-0.27,0.19,11.78571429,38.38571429,32.25714286,17.57142857,0.070735714
Big Rapids,MI,41.5,0.687,-0.272,0.201,13.06,40.44,31.44,15.04,0.068332
Ludington,MI,42.2,0.761,-0.205,0.219,9.35,35.85,34.9,19.95,0.098615
Kalamazoo,MI,38,0.735,-0.341,0.203,9.775,32.35,34.4,23.475,0.0953075
Grand Rapids,MI,40.1,0.673,-0.34,0.174,11.7,35.05,32.8875,20.35,0.0872725
Traverse City,MI,41.7,0.693,-0.23,0.196,8.64,31.92,32.74,26.74,0.099156
Petoskey,MI,42.1,0.622,-0.203,0.187,8.333333333,32.46666667,32.76666667,26.4,0.187046667
Alpena,MI,42,0.7,-0.202,0.163,11.4,38.475,34.175,15.95,0.0772775
Grayling charter,MI,42,0.693,-0.261,0.178,13.03333333,39.05,33.88333333,14.03333333,0.099856667
Dayton,OH,38.3,0.796,-0.331,0.201,11.17777778,40.24444444,29.33333333,19.23333333,0.094964444
Washington Court House,OH,38.7,0.796,-0.346,0.18,14.03333333,43.46666667,28.43333333,14,0.08326
Wayne,IN,37.3,0.734,-0.315,0.18,15.86666667,41.33333333,27.53333333,15.26666667,0.076553333
Cincinnati,OH,37.9,0.811,-0.37,0.222,13.125,36.58333333,27.39166667,22.9,0.090156667
Maysville,KY,40.1,0.791,-0.294,0.188,20.45,40.7,25.4,13.425,0.0697
Washington,IN,43.5,0.734,-0.298,0.179,12.53333333,44.73333333,27.16666667,15.56666667,0.063958333
Lexington-Fayette,KY,36.9,0.777,-0.346,0.209,16.3,35.27692308,26.90769231,21.53076923,0.082487692
Mount Sterling,KY,39,0.815,-0.279,0.207,22.7,39.13333333,24.86666667,13.33333333,0.073926667
Danville,KY,39.7,0.813,-0.336,0.213,18.025,39.275,25.9,16.8,0.0651525
Elizabethtown,KY,42.4,0.739,-0.269,0.182,17.24,40.24,29.12,13.38,0.078628
Louisville,KY,37.9,0.756,-0.342,0.196,13.33636364,36.99090909,29.43636364,20.24545455,0.082124545
Madison,IN,40.8,0.728,-0.294,0.185,17.03333333,43.56666667,26.36666667,13.03333333,0.048996667
Bardstown,KY,44.1,0.683,-0.281,0.169,17,42.8,25.46666667,14.7,0.098486667
Owensboro,KY,43.3,0.772,-0.347,0.2,18.53333333,42.11666667,27.48333333,11.86666667,0.06486
Findlay,OH,44,0.741,-0.306,0.191,9.76,44.5,29.28,16.42,0.082104
Lima,OH,44.7,0.794,-0.363,0.201,8.46,44.84,29.58,17.14,0.08823
Toledo,OH,39.4,0.615,-0.318,0.17,9.05,37,32.45,21.48333333,0.085125
Defiance,OH,43.7,0.689,-0.294,0.155,10.46666667,46.56666667,28.56666667,14.43333333,0.121193333
South Bend,IN,39.2,0.708,-0.366,0.196,13.63333333,36.66666667,30.03333333,19.66666667,0.092391667
Concord,IN,42.2,0.767,-0.252,0.178,19.74,38.16,28.02,14.08,0.115588
Wayne,IN,42.9,0.714,-0.279,0.173,13.73333333,41.26666667,27.43333333,17.56666667,0.11184
Center,IN,40.4,0.702,-0.258,0.174,13.98,41.32,29.58,15.16,0.080566
Muncie,IN,38,0.723,-0.367,0.174,13.36666667,42.18333333,28.43333333,16,0.085896667
Fort Wayne,IN,40.6,0.725,-0.323,0.19,11.5625,41.0375,29.5125,17.8875,0.1020875
Indianapolis,IN,37.2,0.786,-0.361,0.197,9.47,33.81,28.24,28.48,0.099374
Columbus,IN,39.7,0.845,-0.395,0.218,13.825,43.1,26.3,16.75,0.1315375
Terre Haute,IN,42.3,0.757,-0.308,0.193,12.71428571,41.71428571,30,15.57142857,0.064838571
Lafayette,IN,43.1,0.72,-0.33,0.204,11.7,41.45,28.6,18.2125,0.05959625
Bloomington,IN,41.2,0.773,-0.279,0.195,15.8,39.54285714,27.47142857,17.17142857,0.097881429
Evansville,IN,43.6,0.752,-0.325,0.198,10.61111111,40.41111111,31.28888889,17.7,0.084382222
Olney,IL,47.3,0.543,-0.211,0.175,12.225,34.9,38,14.825,0.07322
Vincennes,IN,45,0.731,-0.277,0.209,17.45,36.05,34.2,12.3,0.072395
Gary,IN,40.7,0.613,-0.318,0.175,11.75,40.725,29.6,17.95,0.099515
Canton,OH,41.8,0.796,-0.285,0.203,17.48571429,43.97142857,24.64285714,13.91428571,0.095161429
Lorain,OH,39.6,0.714,-0.347,0.169,10.93333333,40.33333333,29.7,19.03333333,0.090303333
Cleveland,OH,38.2,0.715,-0.344,0.206,9.714285714,33.84285714,28.7,27.74285714,0.113677143
Parkersburg,WV,41.5,0.783,-0.258,0.201,13.2,44.38333333,27.55,14.9,0.065885
Zanesville,OH,41.2,0.807,-0.342,0.212,15.06,45.9,27.08,12,0.06239
Steubenville,OH,41,0.785,-0.257,0.194,10.73333333,43,29.13333333,17.13333333,0.09083
Wheeling,WV,45.4,0.775,-0.232,0.201,12.36666667,45.36666667,26.78333333,15.55,0.075555
Scioto,OH,38.3,0.8,-0.286,0.191,18.1,42.6,25.86,13.44,0.097204
Athens,OH,40.4,0.759,-0.238,0.193,15.525,40.95,26.65,16.875,0.0707325
Columbus,OH,37.7,0.797,-0.349,0.216,9.988888889,35.84444444,27.98888889,26.16666667,0.097544444
Mansfield,OH,40.4,0.784,-0.363,0.206,12.88,43.54,28.6,15,0.069558
State College,PA,47.5,0.727,-0.179,0.225,10.575,46.35,22.225,20.875,0.0788475
Altoona,PA,47.1,0.758,-0.217,0.227,11.85,48.65,22.675,16.875,0.0924275
Pittsburgh,PA,45.2,0.667,-0.247,0.209,9.633333333,41.4,24.96666667,24.02222222,0.099974444
Youngstown,OH,41.3,0.731,-0.283,0.195,11.34,43.84,25.9,18.92,0.0952
Erie,PA,43.7,0.699,-0.275,0.197,12.08571429,45.42857143,24.04285714,18.47142857,0.085245714
Roanoke,VA,39.6,0.816,-0.344,0.236,12.93333333,33.8,28.76666667,24.49166667,0.0782075
Elkins,WV,44.8,0.847,-0.209,0.216,15.7,48.375,20.375,15.525,0.0538175
Morgantown,WV,44,0.783,-0.257,0.216,13.91666667,40.76666667,24.31666667,21.03333333,0.06644
Buckhannon,WV,46.6,0.775,-0.219,0.17,14.6,49.05,21.15,15.2,0.08314
Beckley,WV,43.4,0.689,-0.237,0.175,17.6,42.1,24.725,15.6,0.093555
Summersville,WV,46.5,0.739,-0.138,0.186,21.625,44.175,21.275,12.95,0.115755
Charleston,WV,42.3,0.718,-0.257,0.183,18.91666667,43.1,23.48333333,14.45,0.087308333
Spencer,WV,47.1,0.674,-0.158,0.179,22.3,47.7,19.15,10.85,0.064285
Pikeville,KY,43.2,0.676,-0.222,0.176,26.04285714,38.31428571,25.04285714,10.57142857,0.09413
Huntington,KY,39.8,0.768,-0.245,0.195,17.1875,37.95,27.9,16.9625,0.0799125
Harrisonburg,VA,44.1,0.76,-0.292,0.201,18.56,38.08,22,21.34,0.085332
Staunton,VA,41.9,0.787,-0.282,0.207,15.62727273,35.99090909,25.27272727,23.09090909,0.048885
Hagerstown,PA,42.9,0.737,-0.309,0.19,13.95,40.76666667,25.46666667,19.78333333,0.07684
Cumberland,MD,43.7,0.792,-0.314,0.238,14.8,46.46,23.6,15.12,0.089804
Winchester,VA,41.7,0.798,-0.276,0.215,15.625,34.725,25.05,24.625,0.10988
Charlottesville,VA,39.2,0.824,-0.33,0.23,14.46666667,32.15555556,24.71111111,28.65555556,0.10332
Syracuse,NY,42.3,0.676,-0.264,0.212,11.11428571,33.78571429,31.04285714,24.07142857,0.085421429
Oneonta,NY,44.6,0.589,-0.221,0.2,11.96666667,37.46666667,28.8,21.76666667,0.070736667
Union,NY,43.7,0.735,-0.25,0.217,10.03333333,38.26666667,28.76666667,22.9,0.08145
Buffalo,NY,42,0.651,-0.295,0.205,11.26363636,34.03636364,30.89090909,23.76363636,0.088434545
Elmira,NY,44.2,0.786,-0.265,0.226,9.7,35.3,28.08,26.92,0.089162
Olean,NY,45.1,0.705,-0.232,0.185,11.5,44,26.9,17.55,0.1187575
St. Marys,PA,48.2,0.619,-0.169,0.183,9.7,49.55,24.55,16.25,0.096775
Watertown,NY,44.7,0.696,-0.199,0.213,11.2,38.3,31.06666667,19.4,0.06291
Plattsburgh,NY,43.6,0.675,-0.228,0.212,13.53333333,35.33333333,29.83333333,21.33333333,0.06589
Amsterdam,NY,43.4,0.747,-0.273,0.204,13,35.8,32.23333333,18.96666667,0.04768
Albany,NY,43.1,0.702,-0.245,0.222,9.922222222,32.42222222,29.48888889,28.2,0.089088889
Sunbury,PA,47.9,0.703,-0.201,0.209,14.675,44.325,20.95,20.1,0.0987225
Scranton,PA,45.9,0.62,-0.193,0.2,10.21428571,41.11428571,26.8,21.85714286,0.103664286
Williamsport,PA,47.1,0.738,-0.267,0.221,11.7,45.95,24.55,17.75,0.07102
Allentown,PA,44.8,0.687,-0.298,0.21,11.36666667,38.2,26.7,23.73333333,0.107373333
Reading,PA,45.5,0.695,-0.287,0.198,14.3,42.05,22.75,20.85,0.105065
Harrisburg,PA,43.9,0.718,-0.301,0.204,13.1,42.85714286,23.14285714,20.9,0.100101429
Poughkeepsie,NY,42.6,0.606,-0.226,0.186,11.325,30.125,29.85,28.725,0.0924225
New York,NY,43.8,0.634,-0.211,0.216,14.86666667,25.16666667,22.8,37.13333333,0.194127778
Toms River,NJ,45.2,0.562,-0.193,0.186,8.4,30.85,26.05,34.7,0.124485
Newark,NJ,44.1,0.594,-0.246,0.203,11.03846154,26.96923077,22.55384615,39.42307692,0.162153077
Philadelphia,PA,40.8,0.689,-0.317,0.219,11.29166667,32.03333333,25,31.65833333,0.135000833
Wilmington,DE,37.7,0.759,-0.345,0.211,10.95,33.2,27.3,28.5,0.099175
Dover,DE,38.7,0.699,-0.356,0.179,14.1,35.1,26.94,23.84,0.096492
Easton,MD,39.9,0.677,-0.32,0.172,13.06,34,26.02,26.9,0.133642
Chincoteague,VA,38.5,0.797,-0.344,0.231,20,37.05,23.35,19.7,0.11841
Bangor,ME,41.8,0.66,-0.205,0.171,8.34,35.46,28.96,27.22,0.083352
Calais,ME,38.9,0.643,-0.125,0.143,12.3,38.3,29.3,20.1,0.0618
Presque Isle,ME,43.6,0.653,-0.178,0.16,13.4,39,30.4,17.2,0.07492
Portland,ME,42.8,0.688,-0.197,0.184,8.5,35.55,29.6,26.35,0.08517125
Burlington,VT,43.8,0.671,-0.194,0.194,7.983333333,30.45,26.85,34.7,0.088296667
Berlin,VT,44.8,0.685,-0.182,0.177,12.95,39.3,27,20.725,0.09451
Claremont,VT,44.3,0.674,-0.187,0.196,8.12,32.28,25.52,34.08,0.102474
Providence,RI,43.4,0.586,-0.25,0.186,11.25,26.06666667,26.41666667,36.31666667,0.135653333
Nantucket,MA,,,,0,5.2,25.4,25.7,43.7,0
Oak Bluffs,MA,43.4,0.487,,0.157,6.8,23.1,29.8,40.3,0.10469
Boston,MA,44.6,0.604,-0.22,0.195,8.985714286,24.95714286,24.51428571,41.52857143,0.201757143
Manchester,NH,44.2,0.658,-0.192,0.173,7.471428571,29.28571429,29.64285714,33.62857143,0.116238571
Keene,NH,43.2,0.613,-0.137,0.173,8.05,32.25,26,33.7,0.200095
Springfield,MA,41.5,0.664,-0.315,0.197,9.7,27.36666667,27.86666667,35.06666667,0.10094
Bridgeport,CT,42.4,0.677,-0.288,0.211,9.2625,28.6125,26.65,35.4375,0.131485
Pittsfield,MA,42.5,0.691,-0.23,0.199,9.3,31.2,27,32.55,0.12381
Ashland,WI,46.2,0.635,-0.169,0.181,7.933333333,35.6,33.46666667,23.03333333,0.07951
Houghton,MI,46.7,0.676,-0.224,0.206,11.03333333,36.83333333,29.8,22.33333333,0.090736667
Ironwood,MI,46.2,0.615,-0.177,0.146,7.766666667,38.26666667,35.83333333,18.13333333,0.04405
Rhinelander,WI,45.7,0.606,-0.198,0.19,9.4,35.46666667,33.56666667,21.6,0.095076667
Rice Lake,WI,46.7,0.671,-0.247,0.198,10,39.075,32.2,18.725,0.1174175
Amery,WI,46.9,0.585,-0.153,0.171,8.2,39.5,33.7,18.6,0.070125
Hutchinson,MN,52.6,0.55,-0.171,0.143,9.033333333,39.03333333,34.16666667,17.73333333,0.062873333
Redwood Falls,MN,56.2,0.517,-0.167,0.151,11.1,37.7,34.85,16.35,0.070525
Mankato,MN,51.9,0.489,-0.183,0.153,9.02,33.64,32.92,24.42,0.109638
Owatonna,MN,48.5,0.58,-0.193,0.169,8.566666667,34.16666667,32.83333333,24.46666667,0.075373333
St. Cloud,MN,51,0.539,-0.132,0.154,8.35,31.8,37.675,22.15,0.0859275
Minneapolis,MN,44.2,0.629,-0.241,0.178,6.266666667,26.49166667,33.29166667,33.94166667,0.105135833
Pine City,MN,47.1,0.639,-0.244,0.156,11.4,41.15,34.1,13.35,0.064345
Brainerd,MN,45.7,0.649,-0.182,0.188,8.05,34.625,37.125,20.2,0.0966425
Rochester,MN,50.5,0.584,-0.189,0.167,6.98,32.44,34.78,25.82,0.134714
Austin,MN,49.1,0.599,-0.225,0.178,11.55,34.65,36.3,17.55,0.05748
Mason City,IA,50,0.616,-0.223,0.197,7.375,34.975,38.575,19.075,0.076055
Decorah,IA,56.6,0.512,-0.134,0.161,9.76,40.4,32.12,17.72,0.090228
Marshalltown,IA,48.4,0.672,-0.3,0.189,10.1,37.6,32.8,19.55,0.0824725
Waterloo,IA,48.9,0.569,-0.251,0.171,7.666666667,37.43333333,33.43333333,21.46666667,0.069305
Iowa Falls,IA,52,0.554,-0.19,0.169,10.55,36.5,35.5,17.45,0.11904
Iowa City,IA,47,0.609,-0.251,0.192,10.74,32.44,31.68,25.14,0.078822
Cedar Rapids,IA,47.5,0.577,-0.222,0.18,7,35.4,35.025,22.6,0.0983675
Ottumwa,IA,49.2,0.557,-0.231,0.166,10.2125,38.6125,31.375,19.8,0.09372375
Sheboygan,WI,47.2,0.656,-0.259,0.185,9.35,38.3,30.8,21.55,0.111345
Oshkosh,WI,47.7,0.61,-0.215,0.185,9.328571429,38.4,30.47142857,21.8,0.096715714
Green Bay,WI,47.2,0.697,-0.216,0.187,8.425,38.025,31.35,22.2,0.10808
Shawano,WI,44.2,0.669,-0.21,0.168,10.26666667,43.83333333,30.4,15.5,0.066313333
Wausau,WI,49.2,0.644,-0.206,0.189,11.18571429,40.54285714,30.34285714,17.91428571,0.089448571
Eau Claire,WI,49,0.627,-0.227,0.187,9.1125,37.0125,32.325,21.5625,0.0794
La Crosse,WI,47.7,0.654,-0.215,0.194,9.94,36.34,33.28,20.44,0.12176
Monroe,WI,51,0.661,-0.177,0.174,9.2,40.475,31.375,18.95,0.0944375
Madison,WI,44.5,0.636,-0.242,0.192,8.733333333,35.26666667,31.91666667,24.1,0.1203
Dubuque,IA,53.6,0.557,-0.203,0.167,9.08,40.86,30,20.04,0.085674
Charleston,IL,43.9,0.69,-0.284,0.214,10.95,36.7,33.85,18.475,0.06226
Douglas,IL,47.4,0.584,-0.266,0.186,11.9,37.54,33.48,17.06,0.081102
Bloomington,IL,44.2,0.653,-0.291,0.205,8.366666667,34.93333333,30.56666667,26.13333333,0.072443333
Decatur,IL,42,0.737,-0.354,0.224,10.44285714,35.64285714,31.21428571,22.7,0.08671
Burlington,IA,46.7,0.647,-0.224,0.175,9.733333333,39.9,33.46666667,16.88333333,0.066716667
Galesburg,IL,44.2,0.738,-0.265,0.208,11.25,34.175,32.4,22.175,0.1167225
Davenport,IL,43.6,0.747,-0.324,0.213,9.88,35.2,33.3,21.6,0.076598
Clinton,IA,48.3,0.611,-0.245,0.161,8.9,40.55,33.1,17.45,0.07197
Peoria,IL,42.4,0.745,-0.356,0.219,9.5125,36.95,33.5625,20.0125,0.0880975
Kenosha,WI,40.5,0.659,-0.333,0.18,10.6,33.025,32.5,23.85,0.11101
Milwaukee,WI,39.3,0.642,-0.387,0.212,8.116666667,30.26666667,30.9,30.71666667,0.11777
Bourbonnais,IL,42.6,0.756,-0.331,0.172,11.8,37.6,33.55,17.05,0.08467
Chicago,IL,39.4,0.672,-0.357,0.206,10.1375,25.4375,29.5875,34.8,0.13195375
Rockford,IL,41.5,0.651,-0.322,0.184,11.0625,35.075,33.825,20.05,0.08363375
Rolla,MO,42.9,0.742,-0.266,0.189,17.12,38.1,27.18,17.6,0.089294
Farmington,MO,42.1,0.695,-0.221,0.164,18.93333333,39.9,28.88333333,12.26666667,0.095395
St. Louis,MO,38.4,0.708,-0.349,0.198,12.54545455,33.03636364,31.03636364,23.37272727,0.093824545
Mexico,MO,44.9,0.742,-0.352,0.189,16.8,44.6,26.6,12,0.091365
Jacksonville,IL,44.9,0.738,-0.267,0.217,12.33333333,43.18333333,29.48333333,14.98333333,0.036278333
Springfield,IL,41.3,0.747,-0.397,0.212,10.3,35.675,32,21.975,0.095935
Edwardsville,IL,42.8,0.737,-0.281,0.193,10.58333333,38.71666667,32.9,17.83333333,0.060888333
Quincy,IL,45.5,0.808,-0.344,0.205,13.8,42.93333333,27.56666667,15.71666667,0.073718333
Mountain Home,AR,43.7,0.698,-0.315,0.162,14.56666667,41.06666667,29.73333333,14.66666667,0.097496667
West Plains,MO,44,0.693,-0.331,0.162,16.92,40.66,29.48,12.92,0.072956
Harrison,AR,44.7,0.622,-0.283,0.149,16.8,38.375,29.875,14.975,0.0755675
Heber Springs,AR,44.7,0.724,-0.257,0.182,18,39.1,27.93333333,15,0.087806667
Batesville,AR,44.1,0.72,-0.32,0.176,17.26666667,41.6,28.33333333,12.83333333,0.067663333
Henderson,KY,43.1,0.744,-0.337,0.182,16.2,40.05714286,29.75714286,14.02857143,0.058654286
Union City,TN,39.8,0.751,-0.325,0.183,19.04,38.76,26.82,15.36,0.060832
Paducah,KY,41.1,0.778,-0.276,0.187,15.44285714,37.25714286,32.18571429,15.12857143,0.086824286
Murray,KY,41.9,0.665,-0.303,0.195,12.6,31.6,28.3,27.5,0.1414
Centralia,IL,44.9,0.662,-0.29,0.182,11.56,34.24,36.9,17.3,0.078798
Carbondale,IL,42.8,0.675,-0.262,0.177,14.82222222,33.8,34.18888889,17.15555556,0.072474444
Harrisburg,IL,44.5,0.655,-0.363,0.145,14.93333333,36.26666667,37.03333333,11.76666667,0.053036667
Cape Girardeau,MO,41.4,0.793,-0.344,0.204,20.08333333,40.21666667,25.01666667,14.66666667,0.096645
Poplar Bluff,MO,41.1,0.78,-0.357,0.177,22.075,35.925,30.1,11.95,0.0896225
Blytheville,AR,37.8,0.775,-0.371,0.171,24.56666667,37.66666667,25.56666667,12.23333333,0.076433333
Jonesboro,AR,41.1,0.774,-0.29,0.18,18.08333333,40.71666667,26.83333333,14.41666667,0.077071667
Roseau,MN,53.7,0.593,-0.197,0.184,8.35,41.05,33.35,17.25,0.123035
Duluth,MN,44.9,0.593,-0.237,0.188,6.075,33.825,35.9,24.175,0.0676375
West Cook UT,MN,,,,0,4.4,25.1,31.6,39,0
International Falls,MN,49,0.509,-0.127,0.154,10.6,36.5,34.5,18.4,0.12528
Moberly,MO,45.1,0.724,-0.263,0.179,11.45,44.45,30.025,14.1,0.0853025
Marshall,MO,44.8,0.796,-0.335,0.2,13.23333333,43.86666667,24.4,18.5,0.078133333
Brookfield,MO,48.6,0.661,-0.249,0.178,13.35,49.35,22.65,14.6,0.056705
Trenton,MO,45.6,0.824,-0.435,0.18,12.6,44.7,27.15,15.55,0.041065
Polk,MO,47.7,0.666,,0.207,14.25,44.5,25.8,15.5,0.03785
Centerville,IA,50,0.553,-0.237,0.17,10.33333333,41.56666667,32.56666667,15.46666667,0.081096667
Kirksville,MO,47.2,0.622,-0.224,0.184,15.45,40.6,25.85,18.1,0.033225
Bismarck,ND,54.6,0.597,-0.191,0.158,9.34,29.7,37.58,23.38,0.060518
East Grant UT,ND,,,,0,11.1,38.2,33.5,17.1,0
Linton,ND,63.5,0.384,,0.05,18.2,35.9,30.36666667,15.56666667,0
Steele,ND,,,,0,11.6,32.6,36.3,19.5,0
Devils Lake,ND,47.5,0.861,-0.294,0.204,11.33333333,31.16666667,38.6,18.93333333,0.038003333
Carrington,ND,59.4,0.42,,0.127,11.95,30.05,37.65,20.4,0
Turtle Mountain UT,ND,40.8,0.787,-0.16,0.173,12.7,27.5,40.5,19.3,0.035665
Minot,ND,56.2,0.54,-0.167,0.162,8.6,31.925,39.125,20.35,0.0531125
Rugby,ND,60,0.307,-0.098,0.077,14.76666667,34.6,33.9,16.73333333,0
Ekalaka,SD,,,,0,6.95,34.35,35.95,22.75,0
Baker,MT,,,,0,5.7,37.6,40.6,16.1,0
Bowman,ND,,,,0,11.1,31.2,33.85,23.9,0
Lemmon,ND,61.3,0.405,,0.122,8.6,36.6,35.2,19.6,0
Scobey,MT,,,,0,6.2,31.2,40.4,22.2,0
Wolf Point,MT,43.6,0.798,-0.234,0.129,11.7,42.35,30.55,15.5,0.02784
Plentywood,MT,,,,0,8.6,30.4,39.7,21.3,0
Glasgow,MT,51.1,0.557,-0.109,0.134,7.95,37.55,35.2,19.35,0.048865
Glendive,MT,57,0.433,-0.209,0.086,10.3,32.33333333,36.86666667,20.5,0.01587
Dickinson,ND,64,0.412,-0.022,0.123,9.766666667,32.93333333,34.23333333,23.03333333,0.02769
Sidney,ND,55.6,0.668,-0.123,0.174,7.966666667,32.2,39.4,20.43333333,0.039846667
Williston,ND,61.4,0.502,-0.237,0.155,10.9,31.2,37.5,20.4,0.02447
Brookings,SD,53.8,0.514,-0.197,0.146,7.766666667,32.43333333,30.36666667,29.4,0.078436667
Madison,SD,54.3,0.616,-0.235,0.167,7.8,35.55,28.9,27.7,0.05307
Sioux Falls,SD,49.4,0.674,-0.207,0.17,7.02,29.68,31.34,31.94,0.08341
Watertown,SD,54.8,0.499,-0.197,0.137,9.425,40.275,29.775,20.5,0.03799
Milbank,MN,56.1,0.591,-0.201,0.157,9.4,40.5,32.56666667,17.5,0.04439
Sisseton,SD,48.6,0.721,-0.333,0.173,12.03333333,36.03333333,33.23333333,18.7,0.031046667
East Corson UT,SD,33.4,0.563,,0.065,16.9,33.1,33.4,16.7,0
Mobridge,SD,51.7,0.729,,0.167,10.75,39.45,28.1,21.75,0.024855
Aberdeen,SD,54.7,0.547,-0.128,0.169,11.52,33.62,32.24,22.64,0.039896
Bemidji,MN,44.9,0.734,-0.301,0.198,10.58,33.32,35.78,20.36,0.097418
Grafton,ND,56.7,0.466,-0.164,0.143,11.1,34.3,35.9,18.7,0.0717425
Thief River Falls,MN,54.9,0.532,-0.185,0.17,9.433333333,38.1,35.73333333,16.73333333,0.077173333
Grand Forks,ND,50.8,0.576,-0.21,0.194,7.825,27.975,38.65,25.575,0.0616425
Fargo,ND,50.4,0.609,-0.178,0.185,7.94,29.08,38.4,24.58,0.096264
Lisbon,ND,59.8,0.528,-0.157,0.148,10.6,32.63333333,35.26666667,21.5,0.03046
Jamestown,ND,56.5,0.592,-0.138,0.151,10.8,32.83333333,32.93333333,23.36666667,0.048346667
Cooperstown,ND,,,,0,11.7,37.6,32.4,18.3,0
Fergus Falls,MN,52.8,0.526,-0.162,0.165,7.26,31.02,38.02,23.72,0.08433
Little Falls,MN,52,0.496,-0.147,0.159,11.26666667,38.33333333,35.43333333,14.96666667,0.072573333
O'Neill,NE,57.4,0.549,-0.085,0.114,6.466666667,39.2,35.23333333,19.13333333,0.02252
Ord,NE,57.8,0.402,-0.216,0.114,6.05,40.85,36.025,17.1,0
Ainsworth,NE,56.5,0.442,,0.137,8.966666667,41.73333333,32.66666667,16.6,0
Winner,SD,52.3,0.74,-0.224,0.185,13.25,36.65,30.4,19.65,0.069795
Yankton,SD,57.6,0.555,-0.095,0.153,9.05,37.65,32.8,20.5,0.053205
Mitchell,SD,52.3,0.622,-0.186,0.135,8.925,34.3,34.625,22.15,0.038835
Huron,SD,52.1,0.687,-0.206,0.182,13.65,37.1,31.4,17.85,0.04357
Parkston,SD,51.1,0.631,-0.158,0.144,12.7,37.3,28.6,21.43333333,0.060143333
Chamberlain,SD,41,0.711,-0.162,0.181,14.83333333,36.76666667,30.73333333,17.66666667,0.023323333
Miller,SD,,,,0,9.65,40.6,30.5,19.3,0
Pierre,SD,46.7,0.737,-0.141,0.198,9.333333333,32.5,30.3,27.86666667,0.02731
Gettysburg,SD,,,,0,9.8,40.7,29,20.5,0
Willmar,MN,51.9,0.535,-0.196,0.157,10.08,35.52,36.76,17.62,0.074596
Marshall,MN,55.3,0.417,-0.115,0.142,9.925,37.525,31.45,21.1,0.0810925
Sioux Center,IA,58.3,0.48,-0.15,0.125,9.433333333,35.56666667,33.33333333,21.7,0.09458
Worthington,MN,54.3,0.509,-0.171,0.158,13.06,35.88,33.76,17.32,0.065182
Spencer,IA,53.9,0.374,-0.156,0.15,6.3,33.85,38.4,21.45,0.114775
Fairmont,MN,52,0.552,-0.191,0.16,10.46666667,37.7,34.46666667,17.33333333,0.065303333
Storm Lake,IA,54.8,0.582,-0.155,0.176,11.725,36.5,32.575,19.175,0.082805
Fort Dodge,IA,49.7,0.635,-0.248,0.189,8.633333333,36.03333333,37.13333333,18.18333333,0.071853333
Des Moines,IA,45.3,0.662,-0.29,0.2,6.1875,31.9375,32.4,29.4875,0.1002275
Creston,IA,48.5,0.625,-0.272,0.174,10.45,39.675,32.625,17.3,0.0514225
Atlantic,IA,53.2,0.611,-0.203,0.184,8.833333333,41.13333333,31.56666667,18.5,0.08036
Carroll,IA,55.5,0.509,-0.115,0.17,12.86666667,37.36666667,32.4,17.4,0.062793333
Rapid City,SD,45.7,0.666,-0.242,0.169,7.75,31.85,35.76666667,24.6,0.079768333
Eagle Butte,SD,35.2,0.713,,0.126,14.85,37.9,33.3,13.95,0.023675
Southwest Jackson UT,SD,46.1,0.84,,0.175,10.85,34.9,34.3,19.95,0
Murdo,SD,,,,0,7.6,38.8,37,16.6,0
Mission,SD,26.7,0.625,-0.24,0.141,19.25,30.45,35.45,14.85,0.035055
Scottsbluff,NE,49.7,0.539,-0.234,0.167,8.85,31.31666667,37.76666667,22.06666667,0.046441667
Cheyenne,WY,46.1,0.659,-0.225,0.165,8.366666667,29.13333333,39.56666667,22.86666667,0.058823333
Torrington,WY,50.9,0.466,-0.228,0.14,8.4,30.35,38.95,22.25,0.053425
Gordon,SD,34.8,0.686,-0.247,0.143,15.1,29.95,33.95,21,0.040625
Virginia Beach,NE,52.2,0.641,-0.275,0.163,8.75,33.35,38.725,19.175,0.075545
Columbus,NE,55.7,0.492,-0.159,0.144,13.34,36.9,33.42,16.36,0.061816
Hastings,NE,51.5,0.501,-0.152,0.162,9.8,33.56666667,36.06666667,20.6,0.066693333
York,NE,54.9,0.507,-0.061,0.136,6.533333333,34.73333333,37.36666667,21.4,0.051006667
Grand Island,NE,50.3,0.564,-0.253,0.164,9.825,35.1,35.225,19.875,0.074665
Sioux City,IA,48.6,0.667,-0.246,0.169,11.91428571,33.87142857,32.1,22.12857143,0.1014
West Point,NE,46.5,0.794,-0.29,0.169,11.5,37.86666667,34.06666667,16.56666667,0.06652
Lincoln,NE,45.5,0.615,-0.278,0.171,10.08,32.8,35.04,22.08,0.070362
Nebraska City,NE,52.6,0.511,-0.17,0.126,8.38,39.66,31.74,20.2,0.035426
Red Oak,IA,51,0.705,-0.172,0.175,9.42,37.96,35.38,17.2,0.050984
Omaha,NE,43.1,0.705,-0.3,0.189,7.811111111,31.81111111,34.43333333,25.93333333,0.123746667
Sterling,CO,51.8,0.523,-0.321,0.142,11.425,31.8,38.05,18.7,0.04648
Ogallala,NE,53.5,0.542,-0.225,0.184,9.225,34.25,36.425,20.15,0.0306525
Oshkosh,NE,,,,0,5.9,32.5,38.1,23.5,0
Valentine,NE,52.3,0.415,,0.13,5.475,32.875,37.7,23.975,0.0222025
Broken Bow,NE,55.5,0.339,-0.211,0.121,5.333333333,34.83333333,37.56666667,22.26666667,0.022506667
North Platte,NE,48.3,0.421,-0.273,0.123,7.333333333,29.5,41,22.16666667,0.02612
Colorado Springs,CO,41.8,0.631,-0.281,0.157,8.225,25.925,36.225,29.6,0.0911725
Limon,CO,,,,0,20.3,42.2,22.4,15.1,0
Springfield,CO,,,,0,12.8,31.6,36.6,19,0
Pueblo,CO,40.9,0.603,-0.37,0.148,17.24,33.86,35.1,13.76,0.056474
Trinidad,CO,44.8,0.419,-0.388,0.117,13.65,27.65,36.65,22.05,0.07724
Burlington,CO,55.8,0.304,-0.138,0.097,11.5,35.46666667,34.36666667,18.7,0.030116667
Oberlin,KS,54.8,0.391,,0.106,8.7,34.2,31.25,25.8,0
Norton,KS,51.3,0.55,,0.188,13.7,34.6,34.3,17.4,0.05438
Phillipsburg,KS,53.4,0.417,,0.143,8.55,35.3,36.3,19.85,0.04064
Colby,KS,56.4,0.419,-0.169,0.136,7.475,33.975,36.15,22.375,0.0141025
Goodland,KS,50.7,0.596,,0.151,9.6,33.1,37.65,19.65,0.04415
Wano,KS,,,,0,6.9,32,40.1,20.95,0
McCook,NE,52.4,0.458,-0.219,0.123,8.85,33.425,40.075,17.675,0.014735
Kearney,NE,52.8,0.468,-0.212,0.156,7.7,34.375,35.375,22.55,0.0453625
Lexington,NE,51.4,0.491,-0.21,0.151,10.5,34.53333333,36.83333333,18.11666667,0.030363333
Salida,CO,48.1,0.568,-0.106,0.126,8.9,26.7,30.3,34.1,0.04764
Glenwood Springs,CO,47.5,0.51,-0.257,0.14,8.62,21.64,27.42,42.34,0.208766
Granby,CO,42.7,0.576,,0.163,5.5,25.5,32.5,36.4,0.0812
Laramie,WY,49.2,0.565,-0.237,0.174,7.95,29.25,29.1,33.7,0.11701
Fort Collins,CO,45.2,0.633,-0.321,0.152,12.6,26.03333333,33,28.43333333,0.088906667
Denver,CO,42.2,0.635,-0.303,0.157,6.96,21.27,32,39.78,0.102138
Pratt,KS,52.1,0.664,-0.124,0.137,9.1,30,36.43333333,24.46666667,0.042206667
Coldwater,KS,,,,0,8.3,28.4,39.3,24,0
Dodge City,KS,47.5,0.688,-0.291,0.146,17.475,25.15,34.775,22.6,0.0414525
Great Bend,KS,50.5,0.615,-0.226,0.171,12.92,30.86,36.02,20.16,0.020698
Hutchinson,KS,45.4,0.708,-0.244,0.166,11.43333333,30.43333333,37.26666667,20.86666667,0.07263
Hays,KS,53.2,0.51,-0.148,0.166,7.633333333,31.23333333,34,27.1,0.052603333
Township 11,KS,50.2,0.545,,0.202,7.4,34.75,33.6,24.25,0.048235
Center,KS,52.8,0.543,,0.182,8.1,32.8,38.5,20.6,0
Concordia,KS,52.8,0.687,-0.151,0.193,7.6,36.23333333,38.56666667,17.63333333,0.06513
Superior,NE,59.5,0.377,-0.074,0.121,7.4,39.55,34.75,18.3,0.133565
Beloit,KS,55.5,0.643,,0.181,7.4,35.15,34.35,23.15,0.023805
Salina,KS,43.9,0.737,-0.318,0.197,7.666666667,32.9,37.73333333,21.7,0.05206
Hiawatha,KS,56.6,0.537,-0.242,0.169,8.35,40.85,29.55,21.2,0.07884
Marysville,KS,57.6,0.452,-0.063,0.124,7.85,41.4,33.9,16.8,0.087475
Manhattan,KS,44,0.701,-0.268,0.197,7.05,30.63333333,35.85,26.46666667,0.074246667
Topeka,KS,42.2,0.747,-0.272,0.187,6.95,35.3,31.31666667,26.46666667,0.060666667
Wichita,KS,41.4,0.647,-0.315,0.162,9.42,32.18,34.88,23.5,0.076938
Newton,KS,48.1,0.65,-0.229,0.152,10.16666667,31.7,32.63333333,25.5,0.067
Winfield,KS,45.1,0.635,-0.282,0.154,11.2,35.5,35.6,17.65,0.0751775
Ottawa,KS,44.9,0.63,-0.255,0.17,9.025,36.85,36.175,17.975,0.0501725
Emporia,KS,46.1,0.727,-0.323,0.186,9.7,34.56666667,32.06666667,23.63333333,0.03761
Bartlesville,KS,43.6,0.782,-0.275,0.206,11.68333333,35.25,34.68333333,18.43333333,0.067723333
Leavenworth,KS,42.5,0.726,-0.283,0.187,7.95,35.95,31.7,24.45,0.08429
Kansas City,MO,40.1,0.697,-0.339,0.194,10.04166667,33.05833333,31.60833333,25.3,0.0852575
St. Joseph,MO,43.3,0.682,-0.259,0.172,11.85714286,41.15714286,29.6,17.37142857,0.069442857
Sedalia,MO,43.2,0.753,-0.292,0.18,15.75,41,29.45,13.75,0.0744775
Polk,MO,50.6,0.743,-0.146,0.19,9.5,42.56666667,26.03333333,21.93333333,0.06989
Bethany,MO,48.5,0.692,-0.274,0.167,13.16666667,44.8,25.93333333,16.13333333,0.045163333
Columbia,MO,42.8,0.754,-0.292,0.202,11.67142857,36.74285714,26.04285714,25.51428571,0.100727143
Eldon,MO,42.3,0.757,-0.252,0.189,15.63333333,39.93333333,27.46666667,16.93333333,0.071116667
Springfield,MO,41.9,0.786,-0.271,0.199,15.81111111,38.38888889,29.08888889,16.73333333,0.081747778
Aurora,MO,42.6,0.727,-0.295,0.163,15.375,38.9,29.325,16.35,0.0939625
Joplin,MO,43.1,0.729,-0.306,0.178,12.95,33.18333333,33.43333333,20.43333333,0.1063
Center,MO,44.2,0.755,-0.311,0.197,14.025,41.05,29.275,15.65,0.0709
Russellville,AR,42.7,0.75,-0.312,0.173,19.52,39.8,25.58,15.1,0.10455
Fort Smith,AR,42.6,0.769,-0.371,0.182,18.025,37.375,30.3,14.2875,0.081005
Muskogee,OK,41,0.733,-0.266,0.177,16.9,36.875,28.625,17.6,0.0958175
Fayetteville,AR,43,0.765,-0.298,0.187,17.76,35.22,26.92,20.12,0.118768
Stillwater,OK,45.8,0.781,-0.261,0.227,10,31.4,28.8,29.8,0.071995
Tulsa,OK,41.6,0.721,-0.322,0.197,12.57777778,36.68888889,31.64444444,19.08888889,0.081482222
Okmulgee,OK,42.1,0.636,-0.276,0.172,16.55,37.15,32.65,13.65,0.08055
Woodward,OK,53.3,0.681,-0.272,0.158,13.93333333,38.56666667,27.23333333,20.26666667,0.027983333
Enid,OK,50,0.725,-0.273,0.2,11.95714286,38.37142857,28.61428571,21.05714286,0.043157143
El Paso,TX,43.7,0.616,-0.334,0.17,31.56666667,23.66666667,25.63333333,19.06666667,0.081886667
Alamogordo,NM,42.2,0.561,-0.262,0.138,14.35,28.05,35.2,22.4,0.09181
Truth or Consequences,NM,40.8,0.744,,0.072,16.9,33.7,31.8,17.6,0.05967
Deming,NM,41.5,0.619,-0.334,0.124,23.4,29.83333333,29.23333333,17.5,0.08372
Van Horn,TX,,,,0,37.9,32.9,19.3,9.9,0
Roswell,NM,43.9,0.661,-0.348,0.166,19.35,30.5,32.2,17.95,0.10556
Santa Rosa,NM,44.8,0.543,,0.195,20.95,41.55,25.9,11.6,0
Hobbs,NM,49.1,0.715,-0.341,0.183,31.85,29.4,25.675,13.075,0.0960225
Lubbock,TX,41.4,0.856,-0.469,0.238,27.48333333,28.7,28.31666667,15.5,0.063918333
Clovis,NM,43.7,0.701,-0.439,0.177,23.26666667,26.96666667,30.03333333,19.73333333,0.09745
Littlefield,TX,46.7,0.854,-0.399,0.234,29.26666667,32,26.23333333,12.43333333,0.102006667
Amarillo,TX,42.8,0.803,-0.4,0.214,17.12,24.92,35.76,22.18,0.08119
Pampa,TX,50.6,0.702,-0.311,0.188,13.3,29.72,35.1,21.86,0.041
Wellington,TX,51.1,0.793,,0.226,20,32,32.05,16.05,0
Memphis,TX,47.8,0.834,,0.173,22.4,29,32,16.56666667,0
Matador,TX,,,,0,16.1,31.8,34.9,17.2,0
Plainview,TX,44.5,0.907,-0.48,0.223,25.2,32.1,26.96666667,15.73333333,0.07572
Garden City,KS,46.5,0.678,-0.335,0.175,25,25.55,32.75,16.7,0.023305
Ulysses,KS,48.9,0.718,-0.407,0.155,20.96666667,30.63333333,29.8,18.6,0.035296667
Scott City,KS,53.9,0.515,,0.146,16.4,31.1,31.8,20.7,0.021236667
Liberal,KS,49,0.661,-0.282,0.166,22.53333333,31.2,28.2,18.03333333,0.046166667
Perryton,TX,56.1,0.678,-0.222,0.185,22.43333333,32.03333333,27.8,17.73333333,0.061296667
Guymon,OK,50.4,0.665,-0.4,0.159,21.75,31.275,28.8,18.175,0.018605
Dumas,TX,47.8,0.805,-0.308,0.202,27.16666667,31.23333333,26.73333333,14.8,0.04058
Victoria,TX,45.8,0.832,-0.418,0.222,17.96666667,35.93333333,30.08333333,16.01666667,0.11693
La Grange,TX,48.8,0.711,-0.349,0.226,18.9,37.85,26.15,17.1,0.199995
Gonzales,TX,43.7,0.838,-0.41,0.254,27.9,33.7,24.6,13.8,0.13004
Austin,TX,40.4,0.751,-0.369,0.215,14.7,29.1125,29.075,27.125,0.10924625
Burnet,TX,43.2,0.675,-0.301,0.201,13.55,29.55,31.7,25.15,0.099165
San Antonio,TX,41.1,0.722,-0.378,0.212,16.27,29.84,30.86,23.01,0.086431
Beeville,TX,45.5,0.849,-0.413,0.215,26.85,34.7,27.15,11.35,0.154545
Kerrville,TX,44.7,0.763,-0.329,0.22,12.85,27.2,29.25,30.75,0.11146
Mason,TX,,,,0,15,34.7,27.9,22.4,0
Midland,TX,50.7,0.76,-0.399,0.211,23.46666667,31.86666667,29.31666667,15.38333333,0.054018333
Pecos,TX,53.4,0.739,-0.325,0.215,28.325,35.975,26.925,8.8,0.0826725
Fort Stockton,TX,52.1,0.745,-0.275,0.221,29.75,31.2,27.35,11.7,0.05231
Alpine,TX,51.9,0.598,-0.155,0.159,24.56666667,19.93333333,21.6,33.86666667,0.043886667
Crystal City,TX,45,0.647,-0.466,0.181,35.8,28.4,25.35,10.45,0.10471
Pearsall,TX,45.3,0.805,-0.46,0.221,36.5,33.25,18.8,11.45,0.0814
Laredo,TX,44.9,0.716,-0.321,0.213,36.7,26.86666667,23.7,12.76666667,0.11432
Brownsville,TX,44.1,0.643,-0.337,0.193,40.975,26.225,20.15,12.625,0.126
Corpus Christi,TX,44.1,0.838,-0.371,0.228,25,31.84444444,28.07777778,15.08888889,0.110731111
College Station,TX,41.7,0.767,-0.411,0.238,19.55,32.55,27.5,20.45,0.0905775
Pearland,TX,45.5,0.709,-0.329,0.198,20.06666667,31.56666667,29.06666667,19.33333333,0.078876667
Houston,TX,42.8,0.71,-0.32,0.202,17.17,29.74,29.6,23.49,0.11103
Beaumont,TX,43.3,0.681,-0.305,0.184,15.17142857,40.72857143,31.54285714,12.55714286,0.086865714
Huntsville,TX,41.6,0.756,-0.376,0.211,19.32,36.68,29.94,14.06,0.104808
Nacogdoches,TX,43.4,0.74,-0.328,0.215,18.925,37.875,27.55,15.675,0.10936
San Angelo,TX,43.7,0.814,-0.423,0.212,17.02,30.88,32.26,19.84,0.023548
Brady,TX,48,0.912,-0.369,0.266,26.53333333,33.4,25.13333333,14.9,0.092606667
Junction,TX,41,0.822,,0.264,19.85,32.85,30.05,17.25,0
Uvalde,TX,45.9,0.72,-0.411,0.206,23.625,27.2,28.525,20.65,0.03006
Del Rio,TX,47.7,0.729,-0.369,0.174,28.93333333,30.16666667,25.33333333,15.6,0.024263333
Eagle Pass,TX,46.5,0.8,-0.357,0.2,40.9,22.4,25.9,10.7,0.09534
Big Spring,TX,47.9,0.763,-0.511,0.191,21.56,32.1,28.2,18.16,0.041054
Sweetwater,TX,47.2,0.792,-0.512,0.208,19.1,34.1,32.6,14.2,0.039565
Snyder,TX,50.1,0.839,-0.425,0.212,22.06666667,30.06666667,30.83333333,17.03333333,0.047053333
Abilene,TX,45.1,0.768,-0.42,0.215,17.06666667,35.26666667,30.21666667,17.45,0.064321667
Childress,TX,44.5,0.755,,0.168,18.9,35.5,29.65,15.95,0.02554
Haskell,TX,49.2,0.73,-0.561,0.195,22.08,34.98,26.4,16.56,0.012
Wichita Falls,TX,43.9,0.754,-0.371,0.208,12.1,36.13333333,32.36666667,19.36666667,0.075203333
Graham,TX,50.5,0.722,-0.343,0.206,17.86666667,35.9,29.4,16.86666667,0.044403333
Seymour,TX,,,,0,11.6,31.7,30.8,25.8,0
Vernon,TX,43.2,0.795,-0.395,0.236,20.63333333,30.36666667,30.03333333,18.96666667,0.131093333
Brownwood,TX,45.2,0.729,-0.382,0.212,17.9,34.125,31.4,16.575,0.0472575
Stephenville,TX,47.9,0.726,-0.356,0.184,18.73333333,32.43333333,27.26666667,21.53333333,0.120243333
Waco,TX,40,0.702,-0.4,0.217,19.775,33.35,30.375,16.45,0.098525
Corsicana,TX,44.2,0.703,-0.384,0.204,19.175,34.075,32.05,14.75,0.0701325
Killeen,TX,40.5,0.71,-0.343,0.205,11.4,28.1,40.8,19.63333333,0.060636667
Fort Worth,TX,42.3,0.724,-0.341,0.199,15.5375,30.625,32.5625,21.3,0.12534875
Dallas,TX,40.4,0.692,-0.359,0.192,12.87142857,24.72857143,31.22857143,31.18571429,0.125718571
Paris,TX,41.4,0.714,-0.273,0.195,16.9,36.45,31.25,15.4,0.086711667
Tyler,TX,42.9,0.714,-0.335,0.2,18.25,33.38333333,31.46666667,16.91666667,0.100603333
Longview,TX,43.8,0.695,-0.336,0.205,17.06666667,33.1,34,15.81666667,0.087835
Texarkana,TX,40.9,0.697,-0.343,0.183,17.2125,36.75,31.2875,14.75,0.082785
Lawton,OK,44,0.718,-0.291,0.182,13.975,39.4,30.325,16.3,0.0658825
Altus,OK,45.6,0.675,-0.284,0.157,17.35,31.375,32.675,18.6,0.0366975
Frederick,OK,45.6,0.886,,0.211,23.5,35.8,24,16.7,0.05457
Ardmore,OK,46.2,0.75,-0.308,0.197,16.93333333,39.23333333,27.53333333,16.31666667,0.083888333
Elk City,OK,50.9,0.696,-0.281,0.169,13.225,38.8,26.75,21.225,0.0499025
Chickasha,OK,45.4,0.663,-0.299,0.189,14.3,39.45,29.5,16.7,0.074335
Oklahoma City,OK,42.2,0.717,-0.318,0.19,12.33333333,33.06666667,32.28888889,22.27777778,0.083278889
Ada,OK,45.5,0.773,-0.29,0.173,17.025,38.775,27.2,17.025,0.0672875
Sherman,TX,41.6,0.757,-0.362,0.183,15.43333333,33.53333333,31.83333333,19.26666667,0.073286667
Hot Springs,AR,40.1,0.687,-0.311,0.167,17.3625,36.925,29.8875,15.825,0.07328125
Idabel,OK,43.3,0.677,-0.295,0.154,20.72,38.96,28.4,11.94,0.06951
Sand Point,AK,,,,0,18.3,39.4,28.2,14,0
Anchorage,AK,45.5,0.625,-0.208,0.135,7.1,29.6,37.66666667,25.56666667,0.06736
Valdez,AK,45.9,0.592,,0.139,7.5,27.2,36.6,28.7,0.03202
Bristol Bay,AK,,,,0,8,30.7,41.3,20,0
Kotzebue,AK,31.3,0.392,,0.073,21.3,43.6,24.5,10.6,0.03179
Nome,AK,30.7,0.738,,0.125,15.4,41.3,29.2,14.1,0.06635
Dillingham,AK,41.3,0.557,,0.095,13.1,40.5,31.85,14.55,0
Kodiak,AK,45.7,0.626,-0.158,0.154,9.6,27.3,38.4,24.7,0.14251
Juneau,AK,43.3,0.635,-0.217,0.149,5.1,31.16666667,33.93333333,29.8,0.01387
Sitka,AK,41.2,0.607,-0.253,0.133,7.2,22.1,39.5,31.2,0.04899
Ketchikan,AK,41.5,0.652,-0.332,0.115,8.1,32.8,35.3,23.8,0.074685
Bethel,AK,32.9,0.614,-0.161,0.124,21,43.6,23.7,11.6,0.05727
Barrow,AK,31.2,0.566,,0.086,11.3,36.8,38,13.9,0.05017
Unalaska,AK,,,,0,16,37,32.2,14.7,0
Fairbanks,AK,45.6,0.619,-0.195,0.136,9.025,30.15,37.3,23.525,0.04434
Havre,MT,43,0.725,-0.26,0.128,13.8,26.16666667,38.3,21.7,0.031736667
Shelby,MT,40.4,0.752,-0.278,0.132,12.5,35.8,33.93333333,17.73333333,0.04387
Great Falls,MT,47.1,0.608,-0.244,0.144,7.4,34.575,32.55,25.5,0.04931
Lewistown,MT,50.3,0.503,-0.191,0.109,4.65,44.05,26.95,24.4,0.0312
Cody,WY,52.7,0.549,-0.198,0.139,9,29.9,37.1,24,0.072845
Worland,WY,50.4,0.699,-0.294,0.162,10.85,30.05,38.25,20.85,0.09197
Riverton,WY,46.4,0.613,-0.302,0.158,8.3,31.7,38.7,21.3,0.10233
Sheridan,WY,45.1,0.69,-0.226,0.17,8.433333333,32.73333333,35.43333333,23.43333333,0.143643333
Miles City,MT,51.2,0.531,-0.212,0.114,9.1,37.85,35.15,17.85,0.031645
Jordan,MT,,,,0,7.8,44.4,32.9,14.8,0
Colstrip,MT,44,0.681,-0.237,0.136,9.6,32.4,36.9,21.03333333,0.014233333
Billings,MT,48,0.623,-0.229,0.144,7.32,35.96,33.04,23.7,0.045078
Harlowton,MT,,,,0,14.9,38.05,26.4,20.65,0
Dillon,MT,51.2,0.531,,0.106,6.6,30.1,33,30.3,0.13733
Bozeman,MT,47.4,0.526,-0.168,0.136,5.225,31.775,29.325,33.65,0.05879
Helena,MT,45.6,0.704,-0.236,0.154,5.966666667,30.46666667,32.03333333,31.5,0.053513333
Butte-Silver Bow,MT,47.1,0.685,-0.26,0.178,10.1,36.65,31.575,21.625,0.04988
Bonners Ferry,ID,46.2,0.614,,0.134,11.5,36.8,35.7,16,0.10362
Libby,MT,47.7,0.627,-0.167,0.15,10.9,33.6,36.1,19.4,0.09077
Kalispell,MT,44.6,0.595,-0.226,0.14,8.833333333,34.4,33.43333333,23.3,0.10909
Missoula,MT,45.6,0.574,-0.206,0.128,7.8,32.8,33.33333333,26.06666667,0.055103333
Gillette,WY,55.5,0.492,-0.208,0.117,9.2,33.76666667,38.26666667,18.73333333,0.067236667
Rawlins,WY,49.4,0.696,-0.351,0.134,9.2,35.6,35.7,19.5,0.04303
Casper,WY,50.3,0.766,-0.308,0.177,8.75,32.75,38.85,19.7,0.11087
Lusk,WY,,,,0,9.5,28.1,41.1,21.3,0
Honolulu,HI,44.8,0.559,-0.179,0.154,9.1,26.4,31.8,32.7,0.09084
Kapaa,HI,43.6,0.631,-0.167,0.161,8.4,30,33.6,28,0.057
Kahului,HI,42.2,0.528,-0.202,0.151,10,30.35,29.3,30.35,0.04707
Las Vegas,NM,42,0.5,-0.278,0.138,15.36666667,32.63333333,33.53333333,18.46666667,0.047596667
Santa Fe,NM,40.1,0.623,-0.275,0.151,11.6,22.35,28.6,37.375,0.095595
Tucumcari,NM,43.6,0.648,,0.176,13.75,38.95,26.75,20.5,0.038125
Clayton,NM,,,,0,19.9,35.3,27.7,17.1,0
Alamosa,CO,45.2,0.496,-0.352,0.122,15.8,26.95,31.55,25.7,0.063786667
Albuquerque,NM,39.3,0.594,-0.327,0.14,15.14,30.46,33.18,21.22,0.082652
Socorro,NM,41.2,0.576,-0.285,0.136,14.55,34.85,28.85,21.75,0.03737
Phoenix,AZ,40.3,0.713,-0.316,0.165,14.73333333,27.7,35.83333333,21.7,0.10278
Safford,AZ,44.7,0.578,-0.255,0.081,14.75,35.2,38.05,12,0.057055
Tucson,AZ,39.9,0.628,-0.298,0.164,17.53333333,23.83333333,33.6,25.06666667,0.125186667
Grand Junction,CO,47.1,0.625,-0.197,0.146,8.24,27.12,29.32,35.34,0.05494
Gunnison,CO,49.6,0.451,,0.131,4.95,19.25,28.4,47.4,0.06273
Farmington,NM,41.7,0.611,-0.183,0.123,9.775,27.75,31.75,30.65,0.0785425
Flagstaff,AZ,41.6,0.609,-0.235,0.152,8.866666667,25.23333333,37.83333333,28,0.256946667
Cortez,CO,46,0.621,-0.247,0.12,12.46666667,32.76666667,32.56666667,22.2,0.04587
Gallup,AZ,34.1,0.572,-0.2,0.104,22.7,32,33.06666667,12.2,0.078016667
Hilo,HI,40.1,0.542,-0.178,0.15,8.7,31.9,32.6,26.8,0.10432
Twin Falls,ID,45.5,0.597,-0.278,0.105,18.4,29.05,32.73333333,19.8,0.071093333
Burley,ID,48.7,0.654,-0.308,0.036,21.7,28.05,34.9,15.35,0.090115
Boise City,ID,42.7,0.664,-0.276,0.107,13.56666667,30.61666667,35.63333333,20.23333333,0.064548333
Ontario,OR,44.2,0.609,-0.205,0.078,16.93333333,32.46666667,36.13333333,14.46666667,0.07026
McCall,ID,44.3,0.509,-0.142,0.104,9,32,33.3,25.65,0.09531
St. George,UT,46.2,0.542,-0.242,0.039,7.9,28.83333333,38.06666667,25.23333333,0.085303333
Price,UT,50,0.586,-0.254,0.058,11,28.93333333,44,16.06666667,0.057876667
Moab,UT,46.1,0.721,,0.094,9.9,24.1,42.3,23.7,0.04036
Richfield,UT,51,0.714,-0.261,0.07,11.6,36,34.56666667,17.86666667,0.045036667
Loa,UT,,,,0,7.3,25.3,40.6,26.8,0
Provo,UT,49.3,0.495,-0.198,0.012,9.166666667,26.96666667,39.46666667,24.36666667,0.099283333
Salt Lake City,UT,46.2,0.608,-0.254,0.058,7.128571429,23.68571429,36.14285714,33.02857143,0.112751429
Logan,UT,50.5,0.55,-0.212,0.041,7.9,31.55,38,22.525,0.0588175
Pocatello,ID,46.4,0.593,-0.22,0.056,13.21111111,30.52222222,35.13333333,21.13333333,0.062716667
Salmon,ID,48.4,0.435,-0.214,0.108,8.9,34.25,32.55,24.3,0.0333
Jackson,WY,50.4,0.569,-0.282,0.145,6.95,19,27.2,46.85,0.362385
Steamboat Springs,CO,51.6,0.501,-0.283,0.132,7.3,31.5,31.93333333,29.23333333,0.090223333
Vernal,UT,56.6,0.529,-0.256,0.04,12.75,35.35,36.45,15.45,0.056235
Soda Springs,ID,53.6,0.384,-0.177,0.057,7.7,37.25,35.85,19.2,0.049875
Rock Springs,WY,52.6,0.515,-0.219,0.105,6.716666667,35.1,38.41666667,19.71666667,0.026513333
Klamath Falls,CA,43.3,0.528,-0.197,0.138,14.2,27.425,40.225,18.175,0.06359
Burns,OR,44,0.574,,0.133,12.4,33.9,36.7,17,0.02673
Lakeview,OR,47.9,0.712,,0.172,15.6,33.4,33.3,17.7,0.09273
Redding,CA,41.8,0.548,-0.269,0.126,14.2,28.15,40.6,17,0.074285
Eureka,CA,39.3,0.591,-0.161,0.149,9.7,28.1,38.2,24,0.067985
Medford,OR,40.8,0.598,-0.192,0.145,11.05,29.75,38,21.15,0.10335
Crescent City,CA,39.5,0.569,-0.158,0.123,14.95,28.4,37.3,19.3,0.08593
Roseburg,OR,40.8,0.643,-0.228,0.142,11.1,32.35,39.5,17,0.08539
Modesto,CA,42.4,0.645,-0.225,0.148,18.775,27.825,35.35,18.025,0.1054
Bakersfield,CA,45.3,0.536,-0.297,0.144,26.6,27.3,30.8,15.4,0.11529
Fresno,CA,41.3,0.594,-0.321,0.154,28.775,24.475,31.75,14.975,0.092285
Chico,CA,42.8,0.545,-0.218,0.145,21.9,24.74,35.9,17.46,0.080096
Sacramento,CA,42.7,0.659,-0.215,0.169,10.73,23.97,36.98,28.33,0.097065
San Jose,CA,44.7,0.476,-0.226,0.148,19.675,18.975,29.3,32.05,0.1613825
Elko,NV,46.9,0.582,-0.231,0.115,15.225,33.65,35.675,15.45,0.0926675
Winnemucca,NV,47.2,0.637,-0.282,0.126,18.9,36.4,31.65,13.05,0.031265
Portola,CA,44.6,0.455,-0.124,0.146,8.45,29.2,42,20.45,0.056345
Reno,NV,41.4,0.65,-0.282,0.143,11.92,29.46,38,20.66,0.099716
Santa Rosa,CA,42.3,0.517,-0.195,0.137,13.9,24.9,37.03333333,24.2,0.115663333
San Francisco,CA,44.4,0.437,-0.188,0.148,12.18571429,17.32857143,28.32857143,42.15714286,0.22033
Las Vegas,NV,40,0.556,-0.258,0.112,13.9,35.08,34.3,16.72,0.075066
Reno,NV,,,,0,12.6,31.2,44.8,11.3,0
Mammoth Lakes,CA,45,0.508,-0.111,0.145,13.75,23.85,34.35,28.1,0.069105
San Diego,CA,44.3,0.575,-0.212,0.168,14,19,31.3,35.7,0.17142
Yuma,CA,44,0.587,-0.228,0.148,31.3,23.45,31.05,14.25,0.09968
Santa Barbara,CA,44.7,0.584,-0.211,0.165,15.35,18.7,33.35,32.6,0.155275
Los Angeles,CA,43.4,0.515,-0.224,0.155,20.11666667,24.33333333,30.6,24.91666667,0.138828333
Lewiston,ID,45,0.657,-0.218,0.138,9.883333333,32.7,37.83333333,19.58333333,0.050441667
Pullman,WA,48.2,0.536,-0.142,0.153,4.4,18.6,29.7,47.25,0.068835
Moses Lake,WA,45.1,0.801,-0.313,0.151,28.95,26.35,29.65,15,0.06612
Wenatchee,WA,45,0.81,-0.286,0.187,17.85,28.9,32.25,20.95,0.095505
Spokane,WA,43.1,0.728,-0.229,0.17,9.9,32.58571429,37.82857143,19.7,0.077208571
Colville,WA,42.3,0.712,-0.216,0.167,13.16666667,31.8,37.73333333,17.3,0.0734
Longview,WA,41.2,0.683,-0.2,0.163,10.68,30.8,41.42,17.12,0.064868
Portland,OR,41.3,0.569,-0.23,0.141,9.016666667,24.86666667,35.71666667,30.41666667,0.11866
The Dalles,OR,43.2,0.571,-0.228,0.156,13.375,29.95,33.9,22.8,0.048355
Eugene,OR,40.5,0.617,-0.252,0.149,10.23333333,25.78333333,35.11666667,28.85,0.099493333
Newport,OR,41.1,0.595,-0.257,0.13,10.85,31.35,35.4,22.35,0.07406
Yakima,WA,43.2,0.8,-0.347,0.186,18.65,26.9,29.75,24.65,0.093055
Kennewick,WA,44.1,0.733,-0.303,0.169,16.58333333,27.71666667,35.33333333,20.38333333,0.059946667
La Grande,OR,45.4,0.624,-0.171,0.115,9.2,32.6,36.35,21.9,0.0693
Enterprise,OR,47.7,0.403,,0.131,6.6,33.1,36,24.3,0.30487
Bend,OR,41.5,0.683,-0.287,0.164,11.83333333,30.06666667,36.83333333,21.36666667,0.08825
Condon,OR,,,,0,9.75,37.7,36.8,15.75,0
John Day,OR,49.7,0.433,,0.105,11.2,32.3,37.4,19.1,0.044
Friday Harbor,WA,39.1,0.528,,0.137,4.6,17.2,31.6,46.6,0.60527
Bellingham,WA,44.1,0.566,-0.146,0.152,8.8,23,35.7,32.5,0.1216
Port Angeles,WA,41.4,0.577,-0.199,0.147,6.8,25.55,36.8,30.85,0.163145
Seattle,WA,43.2,0.599,-0.202,0.156,8.866666667,25.27777778,37.46666667,28.42222222,0.109356667
